titulo,autor,isbn,ano
Harry Potter and the Prisoner of Azkaban,J. K. Rowling,6514858923467,1999
Harry Potter and the Deathly Hallows,J. K. Rowling,9083795447784,2007
Harry Potter and the Philosopher's Stone,J. K. Rowling,0849036354294,1997
Harry Potter and the Chamber of Secrets,J. K. Rowling,8929435302991,1998
Harry Potter and the Goblet of Fire,J. K. Rowling,9231150948709,2000
Harry Potter and the Order of the Phoenix,J. K. Rowling,3603445343503,2003
Harry Potter and the Half-Blood Prince,J. K. Rowling,8904938445196,2005
The Tales of Beedle the Bard,J. K. Rowling,2341433838090,2008
Fantastic Beasts and Where to Find Them,J. K. Rowling,7311576848295,2001
The Casual Vacancy,J. K. Rowling,3357617916419,2012
Harry Potter and the Cursed Child,Jack Thorne,0815187346545,2001
Quidditch Through the Ages,J. K. Rowling,6717132947008,2001
The Cuckoo's Calling,J. K. Rowling,3622382149338,2013
Harry Potter (series) 1-7,J. K. Rowling,1397608534939,1999
Fantastic Beasts and Where to Find Them. The Original Screenplay,J. K. Rowling,8905444260596,2001
Fantastic Beasts,J. K. Rowling,7524726408305,2014
The Silkworm,J. K. Rowling,9005941864292,2014
Harry Potter,J. K. Rowling,2733267764967,2001
Career of Evil,J. K. Rowling,9153570504670,2015
The Ickabog,J. K. Rowling,9824942046383,2020
Troubled Blood,J. K. Rowling,7742742344689,2020
Lethal White,Robert Galbraith,4304159048846,2018
Harry Potter (series) 1-4,J. K. Rowling,0368161499017,1999
Ink Black Heart,J. K. Rowling,2880701844759,2022
The Christmas Pig,J. K. Rowling,5518201433399,2021
"Harry Potter and the Cursed Child, Parts 1 & 2 and Harry Potter and the Philosopher's Stone 2 Books Bundle Collection",J. K. Rowling,4889943799840,2016
Harry Potter. A History of Magic,J. K. Rowling,0307942843835,2017
Harry Potter and the Philosopher's Stone. 1/2,J. K. Rowling,8081644907614,1999
Harry Potter and the Deathly Hallows. 2/2,J. K. Rowling,3178328546977,2007
Very good lives,J. K. Rowling,5554669841045,2015
Harry Potter (series) 1-5,J. K. Rowling,7879260684446,2003
Harry Potter e la maledizione dell'erede,J. K. Rowling,6999468728500,2016
Harry Potter Boxed Set,J. K. Rowling,6150808149360,2000
Hogwarts Library,J. K. Rowling,5569377446199,2012
ANIMALES FANTASTICOS Y DONDE ENCONTRARLOS,J. K. Rowling,1944141155092,2010
Harry Potter Schoolbooks (Fantastic Beasts and Where To Find Them / Quidditch Through The Ages),J. K. Rowling,5919244581034,2001
Harry Potter y el cáliz de fuego,J. K. Rowling,0701788489803,2006
Harry Potter (series) 1-3,J. K. Rowling,8334302524017,1999
Harry Potter and the Order of the Phoenix. 1/2,J. K. Rowling,9117363048185,2003
Harry Potter and the Order of the Phoenix [3/5],J. K. Rowling,2358946639363,2003
Harry Potter Wizarding Almanac,J. K. Rowling,2636124304495,2023
Harry Potter Hogwarts journal,J. K. Rowling,4821078482952,2000
Harry Potter y las reliquias de la muerte,J. K. Rowling,2919586469812,2008
Harry Potter 03,J. K. Rowling,3758915624502,2013
Harry Potter i el calze de foc,J. K. Rowling,6812666245891,2001
Harry Potter (series) 1-6,J. K. Rowling,8378843382856,2005
"Harry Potter and the Cursed Child Parts One and Two, The Crimes of Grindelwald, Fantastic Beasts and Where to Find Them by J.K. Rowling 3 Books Collection Set",J. K. Rowling,2951407458573,2020
Harry Potter 1 und der Stein der Weisen,J. K. Rowling,6151541049893,2018
Hercule Poirot's Christmas,Agatha Christie,7537734414648,1939
The Secret Adversary,Agatha Christie,7953082241211,1922
Murder on the Orient Express,Agatha Christie,0460192404890,1933
After the Funeral,Agatha Christie,2372993145355,1953
"One, Two, Buckle My Shoe",Agatha Christie,2690644112989,1940
The Big Four,Agatha Christie,7412888448851,1927
The Man in the Brown Suit,Agatha Christie,4570180464089,1924
A Murder Is Announced,Agatha Christie,8779288646411,1950
Curtain,Agatha Christie,0683671848495,1975
Crooked House,Agatha Christie,6420047245509,1949
The Murder of Roger Ackroyd,Agatha Christie,5512734642589,1926
Murder on the Links,Agatha Christie,4468714379463,1923
The Mysterious Affair at Styles,Agatha Christie,7786740679825,1920
And Then There Were None,Agatha Christie,5792146561294,1939
The Murder at the Vicarage,Agatha Christie,4096280438616,1930
Ordeal by Innocence,Agatha Christie,8982740433539,1958
The Sittaford Mystery,Agatha Christie,4938577844464,1931
Os Elefantes Nao Esquecem,Agatha Christie,6493675417718,2002
A Rainha Do Crime (O mundo misterioso de Agatha Christie),Agatha Christie,8720418647329,1975
"Mistérios para Hercule Poirot Volume 1 (com Anotações) (nova Tradução) (leitura Fácil para Idosos, Fonte 16pt))",Miguel Vara,3885080647595,2022
Ações e Experiências para o Enfrentamento da Pandemia de COVID-19,AGATHA CHRISTIE DA SILVA CUNHA,3211949508944,2021
The Moving Finger,Agatha Christie,8431664432954,1942
Poirot investigates,Agatha Christie,6048013644193,1924
The Mystery of the Blue Train,Agatha Christie,5560604442661,1928
The Body in the Library,Agatha Christie,4028016804451,1942
The A.B.C. Murders,Agatha Christie,2613261140609,1936
Murder in Mesopotamia,Agatha Christie,2033107696456,1936
The Secret of Chimneys,Agatha Christie,4523180042544,1925
4:50 from Paddington,Agatha Christie,4448257454554,1957
Murder in Three Acts,Agatha Christie,3438664875768,1934
Elephants Can Remember,Agatha Christie,7168293354514,1969
They Do It with Mirrors,Agatha Christie,8278943883977,1952
Lord Edgware Dies,Agatha Christie,1358969472167,1933
Death on the Nile,Agatha Christie,7387113494924,1937
Five Little Pigs,Agatha Christie,1556116452420,1942
Sleeping Murder,Agatha Christie,7289834105902,1940
Nemesis,Agatha Christie,1913834804673,1970
Evil Under the Sun,Agatha Christie,3869684191471,1941
The Mirror Crack'd from Side to Side,Agatha Christie,0535402399615,1960
At Bertram's Hotel,Agatha Christie,6503097649231,1965
'Salem’s Lot,Stephen King,6248585442936,1975
Carrie,Stephen King,7684612424379,1974
Misery,Stephen King,4744874847072,1978
The Shining,Stephen King,9872754898449,1977
It,Stephen King,5854347045872,1986
The Gunslinger,Stephen King,0694493456186,1976
The Green Mile,Stephen King,6311896943692,1996
Pet Sematary,Stephen King,5117911498930,1983
The Dead Zone,Stephen King,5383811736409,1979
The Stand,Stephen King,0166835045706,1978
Cujo,Stephen King,7064784409405,1981
The Drawing of the Three,Stephen King,8653989430769,1987
Bag of Bones,Stephen King,8959944232877,1998
Wizard and Glass,Stephen King,9802647904897,1997
A Torre Negra,Stephen King,6158341246727,1991
The Girl Who Loved Tom Gordon,Stephen King,5492536147243,1999
On Writing,Stephen King,0584867364989,1999
Needful Things,Stephen King,1589179171460,1991
Four Past Midnight,Stephen King,2832444996980,1990
Christine,Stephen King,6438929453456,1983
Thinner,Stephen King,0141904548849,1984
Cell,Stephen King,1591494985688,2006
Everything's Eventual. 14 Dark Tales,Stephen King,8508566474567,2002
Rose Madder,Stephen King,3454743744078,1995
Desperation,Stephen King,4643328454787,1996
From a Buick 8,Stephen King,8607977843544,2002
Under the Dome,Stephen King,2915098473916,2009
Wolves of the Calla,Stephen King,8021354088136,2003
11/22/63,Stephen King,0011456844863,1925
Song of Susannah,Stephen King,9854027781443,1999
Duma Key,Stephen King,6188248034042,2008
Just After Sunset,Stephen King,1425836473934,2008
The dark tower,Stephen King,0163769244478,1990
The Long Walk,Stephen King,8677992540829,1979
The Wind Through the Keyhole,Stephen King,2602058449502,1925
If It Bleeds,Stephen King,8930131659747,2020
Black house,Stephen King,5549427998117,2001
Achados e Perdidos,Stephen King,3805592804005,2016
Pesadelos e paisagens noturnas,Stephen King,2103324442055,2013
A Batalha da Colina de Jerico (A Torre Negra Em Hq,Stephen King,5773352400006,2013
O Concorrente,Stephen King,7518933743792,2025
Não pisque,Stephen King,1892687428383,2025
A Game of Thrones,George R. R. Martin,5666154383649,1996
A Clash of Kings,George R. R. Martin,5007314203467,1998
A Feast for Crows,George R. R. Martin,3457955324012,2005
A Storm of Swords,George R. R. Martin,4165149294798,2000
A Dance With Dragons,George R. R. Martin,3096597143101,2008
Fire & Blood,George R. R. Martin,0857513214361,2014
A Knight of the Seven Kingdoms,George R. R. Martin,6092457994213,2013
A Song of Ice and Fire (A Game of Thrones / A Clash of Kings / A Storm of Swords / A Feast for Crows / A Dance with Dragons),George R. R. Martin,5875627466459,2012
The World of Ice & Fire,George R. R. Martin,0103484744986,2014
Fevre Dream,George R. R. Martin,3582942779790,1982
The Ice Dragon,George R. R. Martin,7854782489348,2006
Blood and Gold,George R. R. Martin,5782578848067,2001
Wild Cards,George R. R. Martin,4994865684514,1986
Songs of love & death,George R. R. Martin,4989579413301,2010
Rogues,George R. R. Martin,1152431454837,2014
Dying of the Light,George R. R. Martin,9706307063402,1977
Tuf Voyaging,George R. R. Martin,4493977141391,1986
A Song of Ice and Fire (1-4),George R. R. Martin,9760477335370,2011
Nightflyers,George R. R. Martin,6352644196809,1985
Sandkings,George R. R. Martin,6874872487888,1981
100 Great Science Fiction Short Short Stories,Isaac Asimov,0817764790418,1978
Dangerous Women,George R. R. Martin,7974734619555,2013
Darkness,Ellen Datlow,4786555548650,2010
Dark Visions,Douglas E. Winter,3327895546993,1989
Aces High,George R. R. Martin,0310424675709,1987
The Hedge Knight,George R. R. Martin,5651924548401,1998
Hunter's Run,George R. R. Martin,3861182047956,2007
GRRM,George R. R. Martin,0060908744790,2003
The Armageddon Rag,George R. R. Martin,8125464176706,1983
Canción de hielo y fuego,George R. R. Martin,5368449981486,2009
"Dreamsongs, Volume II",George R. R. Martin,3124393616474,2007
Warriors,George R. R. Martin,7175899964422,2010
Windhaven,George R. R. Martin,2027047467791,1981
The Living Dead,John Joseph Adams,8130310824488,2008
Songs of the Dying Earth,George R. R. Martin,7135734839437,2009
Jokers Wild,George R. R. Martin,9459164399029,1987
The Mammoth Book of Angels & Demons,Paula Guran,0127606043675,2013
"The Hugo Winners, Volume Three",Isaac Asimov,2229539884629,1977
El mundo de hielo y fuego,George R. R. Martin,4426681304001,2015
Down & dirty,George R. R. Martin,6593395446104,1988
Other Worlds Than These,John Joseph Adams,7125534492982,2012
The Wit & Wisdom of Tyrion Lannister,George R. R. Martin,5988389441186,2013
Down these strange streets,George R. R. Martin,0094744999856,2011
Warrior Women,Elizabeth Bear,8333110466089,2015
Aces Abroad,George R. R. Martin,9336550428831,1988
After the Feast,George R. R. Martin,5804013784911,2001
Clash of Kings,George R. R. Martin,2501348884118,2018
Ace in the Hole,George R. R. Martin,9368093426686,1990
Rise of the Dragon,George R. R. Martin,3374337742756,2022
The Best of Subterranean,William Schafer,8455523142545,2017
The Lord of the Rings,J.R.R. Tolkien,0588704679659,1954
The Silmarillion,J.R.R. Tolkien,1545896408404,1977
The Return of the King,J.R.R. Tolkien,5361240758452,1950
The Two Towers,J.R.R. Tolkien,2618869241144,1954
The Hobbit,J.R.R. Tolkien,1826097794828,1937
The Fellowship of the Ring,J.R.R. Tolkien,5053512644909,1954
The Children of Húrin,J.R.R. Tolkien,2003654184483,2001
Unfinished Tales of Númenor and Middle-earth,J.R.R. Tolkien,6624778241710,1980
Beren and Lúthien,J.R.R. Tolkien,9388541554422,2017
Tree and Leaf,J.R.R. Tolkien,8833483254973,1964
The Fall of Gondolin,J.R.R. Tolkien,8835104883757,1985
The Fall of Númenor,J.R.R. Tolkien,2312083574508,2022
The Lay of Aotrou and Itroun,J.R.R. Tolkien,4592704148986,2016
O Hobbit,J.R.R. Tolkien,1350923047475,
O Senhor dos Anéis,J.R.R. Tolkien,1649746887274,2022
O Senhor dos Anéis,J.R.R. Tolkien,4709016484770,2022
Farmer Giles of Ham,J.R.R. Tolkien,3078601641088,1949
The Book of Lost Tales [1/2],J.R.R. Tolkien,8782474039001,1983
Bilbo's Last Song (At the Grey Havens),J.R.R. Tolkien,7954493040838,1974
Novels (Hobbit / Lord of the Rings),J.R.R. Tolkien,2007070944640,1979
The Father Christmas letters,J.R.R. Tolkien,6846648740285,1976
The Book of Lost Tales [2/2],J.R.R. Tolkien,3862537493322,1984
The Adventures of Tom Bombadil and Other Verses from the Red Book,J.R.R. Tolkien,4061974465996,1962
Tales from the Perilous Realm,J.R.R. Tolkien,2587525497841,1993
The letters of J.R.R. Tolkien,J.R.R. Tolkien,4672064447722,1981
The Return of the Shadow,J.R.R. Tolkien,2196397474889,1988
Roverandom,J.R.R. Tolkien,9564714394104,1998
Morgoth's Ring,J.R.R. Tolkien,8484273604358,1993
The Shaping of Middle-Earth,J.R.R. Tolkien,3219010478090,1986
Smith of Wootton Major,J.R.R. Tolkien,9030540024944,1967
The War of the Ring,J.R.R. Tolkien,5970163448493,1990
The Lays of Beleriand,J.R.R. Tolkien,5166445423056,1985
The lost road and other writings,J.R.R. Tolkien,0888584270689,1987
The Legend of Sigurd and Gudrún,J.R.R. Tolkien,2684611654905,2009
The peoples of Middle-Earth,J.R.R. Tolkien,8695024199356,1996
Sir Gawain & the Green Knight,J.R.R. Tolkien,0153133442875,1925
"The monsters and the critics, and other essays",J.R.R. Tolkien,6464304488305,1983
Angels & Demons,Dan Brown,7541644508219,2000
The Da Vinci Code,Dan Brown,3027504277817,2003
The Lost Symbol,Dan Brown,0122214340766,2009
Deception Point,Dan Brown,7613088492585,2001
Digital Fortress,Dan Brown,2514775429758,1998
Inferno,Dan Brown,0482149049798,1962
Origin,Dan Brown,4336544514481,2013
The Da Vinci Code Travel Journal,Dan Brown,2746184743798,2006
Principles of internal medicine,Tinsley Randolph Harrison,8025907934464,1950
The Da Vinci Code [adaptation],Dan Brown,2568599045489,2016
187 men to avoid,Dan Brown,1516612945738,1995
Novels (Angels & Demons / Da Vinci Code),Dan Brown,2792117344053,2005
Wild Symphony,Dan Brown,1628095021492,2020
Angels & Demons [1/3],Dan Brown,1944052984043,2009
Cehennem,Dan Brown,8955374586655,2013
Robert Langdon Series Collection 7 Books Set By Dan Brown,Dan Brown,9892603649853,2018
The Lost Symbol [2/2],Dan Brown,3666007209428,2010
The Da Vinci Code [2/2],Dan Brown,7029304798759,2003
The Da Vinci Code [1/2],Dan Brown,3031325644497,2004
Deception Point [2/2],Dan Brown,3045563641825,2006
Origin Vol 2,Dan Brown,8913564318973,2017
Inferno [2/2],Dan Brown,0237034572374,2013
Secret of secrets,Dan Brown,1883494449832,2025
The Great Expectations School,Dan Brown (Teacher),0279144011040,2007
Novels (Angels & Demons / Da Vinci Code / Deception Point / Digital Fortress),Dan Brown,6434126804104,2004
Robert Langdon Thrillers,Dan Brown,7969599493256,2017
Angels & Demons [2/2],Dan Brown,3220362254559,2005
Angels & Demons [1/2],Dan Brown,1077097846887,2005
Digital Fortress [1/2],Dan Brown,0629495461484,2003
The Secrets of Secrets,Dan Brown,0320140428018,2025
Deception Point [1/2],Dan Brown,6888958044328,2005
Lost Symbol V01,Dan Brown,8406005914490,2010
Two Volume Hardcover Editions in Slipcase,Dan Brown,8691398743498,2003
Код Да Винчи,Dan Brown,2174944124094,2003
Sakrileg. Das offizielle Begleitbuch zum Film,Dan Brown,0159700485927,2006
Lost Symbol V02,Dan Brown,5762639248327,2010
Inferno [1/2],Dan Brown,5815614670924,2013
Skaitmeninė tvirtovė,Dan Brown,2586086841240,2014
The Da Vinci Code/The Lost Symbol,Dan Brown,2339465445688,2016
התופת,Dan Brown,8563458632593,2013
Yadā Vinči kod,Dan Brown,7801934346889,2005
Engle og dæmoner,Dan Brown,1870909458344,2017
Two by Two,Nicholas Sparks,6466191348199,2016
O desejo,Nicholas Sparks,8932456499414,2021
Uma escolha por amor,Nicholas Sparks,5853711545757,2007
The Notebook,Nicholas Sparks,0003904084327,1996
At First Sight,Nicholas Sparks,7103831202489,2001
The Best of Me,Nicholas Sparks,4293810854442,2011
The rescue,Nicholas Sparks,5045658854289,2000
Dear John,Nicholas Sparks,6343404145846,2006
The longest ride,Nicholas Sparks,2242332448499,2013
A Bend In The Road,Nicholas Sparks,3943362827248,2001
A walk to remember,Nicholas Sparks,2151916849362,1999
The last song,Nicholas Sparks,7208894646721,2009
The wedding,Nicholas Sparks,6876937559433,2003
The Choice,Nicholas Sparks,3521323640129,2007
Message in a bottle,Nicholas Sparks,9647915648473,1998
Nights in Rodanthe,Nicholas Sparks,0861395437858,2002
The Guardian,Nicholas Sparks,5522705886417,2003
The Lucky One,Nicholas Sparks,9307994306780,2008
Safe Haven,Nicholas Sparks,5875843767455,2010
Every breath,Nicholas Sparks,3341041589412,2018
The Return,Nicholas Sparks,5336695442592,2020
Counting Miracles,Nicholas Sparks,1512744729821,2024
Dreamland,Nicholas Sparks,8001104712600,2022
See me,Nicholas Sparks,4609634874234,2017
True believer,Nicholas Sparks,3954068990478,2005
The Wish,Nicholas Sparks,8084306040705,2021
Walk to Remember,Nicholas Sparks,6101640434979,2007
Three weeks with my brother,Nicholas Sparks,0265605497943,2004
The Nicholas Sparks Holiday Collection,Nicholas Sparks,7023004368083,2012
Um Amor Para Recordar - A Walk To Remember (Em Portugues do Brasil),Nicholas Sparks,2050749284580,2011
UN Paseo Para Recordar,Nicholas Sparks,7129519920490,2000
Notebook,Nicholas Sparks,8572046269810,2000
Cien años de soledad,Gabriel García Márquez,9981134774794,1967
El amor en los tiempos del cólera,Gabriel García Márquez,1979920968405,1985
Crónica de una muerte anunciada,Gabriel García Márquez,5740580428894,1980
El coronel no tiene quien le escriba,Gabriel García Márquez,1708588994422,1961
Memoria de mis putas tristes,Gabriel García Márquez,8781464518547,2004
Vivir para contarla,Gabriel García Márquez,0892059545217,2002
Noticia de un secuestro,Gabriel García Márquez,5905424599538,1996
Ojos de perro azul,Gabriel García Márquez,1040636483699,1972
"La aventura de Miguel Littín, clandestino en Chile",Gabriel García Márquez,9084579443832,1986
El verano feliz de la señora Forbes,Gabriel García Márquez,8880268148678,1986
María dos Prazeres,Gabriel García Márquez,6987001454494,1999
La luz es como el agua,Gabriel García Márquez,1708595444469,2000
Ninguém escreve ao coronel,Gabriel García Márquez,8873297450919,1980
Gabriel García Márquez,Gabriel García Márquez,0417107438971,2009
El general en su laberinto,Gabriel García Márquez,5988414141379,1989
Relato de un náufrago,Gabriel García Márquez,3666801419698,1970
Doce cuentos peregrinos,Gabriel García Márquez,9544846452762,1992
Del amor y otros demonios,Gabriel García Márquez,4195694245651,1994
Otoño Del Patriarca,Gabriel García Márquez,8598334889992,1973
La mala hora,Gabriel García Márquez,1237833244293,1962
La increíble y triste historia de la cándida Eréndira y de su abuela desalmada,Gabriel García Márquez,0052546545827,1972
La hojarasca,Gabriel García Márquez,4745709984190,1954
Los funerales de la Mamá Grande,Gabriel García Márquez,6199747777442,1962
40 Short Stories -- Sixth Edition,Beverly Lawn,5844123892852,2021
En agosto nos vemos,Gabriel García Márquez,4144808459125,2024
One Hundred Years of Solitude,Gabriel García Márquez,3926945740828,1967
No One Writes to the Colonel and Other Short Stories,Gabriel García Márquez,7686509040476,1962
Collected Stories,Gabriel García Márquez,0268361429389,1984
Prentice Hall Literature--World Masterpieces,Burton Beers,0380215946819,1991
Love in the Time of Cholera,Gabriel García Márquez,3896500845489,
Chronicle of a Death Foretold,Gabriel García Márquez,5407201749095,1984
El olor de la guayaba,Gabriel García Márquez,5115748267450,1982
100 Years of Solitude,Gabriel García Márquez,1520707411853,2016
The Story and Its Writer -- Compact Eighth Edition,Ann Charters,4260784341432,2010
Until August,Gabriel García Márquez,3312194138384,2024
Leaf Storm and Other Stories,Gabriel García Márquez,3621783040937,1972
El ahogado más hermoso del mundo,Gabriel García Márquez,1014043845693,1995
Spanish Short Stories 1 — Cuentos hispánicos 1,Jean Franco,8044360482963,1966
Cien años de Soledad. Edición Conmemorativa de la RAE / One Hundred Years of Sol Itude. Conmemorative Edition,Gabriel García Márquez,2807502445895,2021
Coraline,Neil Gaiman,8164604440625,2001
American Gods,Neil Gaiman,2960421844964,2001
Good Omens,Neil Gaiman,9097407143527,1990
Neverwhere,Neil Gaiman,9534808383495,1996
The Ocean at the End of the Lane,Neil Gaiman,6645199495478,2013
Norse Mythology,Neil Gaiman,0195571744500,2016
InterWorld,Neil Gaiman,9987838231441,2007
The Silver Dream,Neil Gaiman,0091335343888,2013
"The Graveyard Book (Graphic Novel), Volume 1",Neil Gaiman,7174382406536,2014
Eternity's wheel,Neil Gaiman,8783152468724,2015
The Graveyard Book Graphic Novel volume 2,P. Craig Russell,9148530114118,2014
Sandman,Neil Gaiman,5539659044075,2001
Stardust,Neil Gaiman,5654450916418,1997
Anansi Boys,Neil Gaiman,8511624614962,2005
The Graveyard Book,Neil Gaiman,5538772945278,2008
Fragile Things,Neil Gaiman,7962473765407,2006
Trigger Warning,Neil Gaiman,8137461040400,2001
Smoke and Mirrors,Neil Gaiman,3260979414725,1998
Dream Country,Neil Gaiman,0128576481475,1991
Preludes & Nocturnes,Neil Gaiman,2087580940953,1991
Season of Mists,Neil Gaiman,8702436145287,1991
The Doll's House,Neil Gaiman,8732681548193,1991
Endless Nights,Neil Gaiman,8828514811727,2003
"Fortunately, the Milk",Neil Gaiman,0562698453297,2001
Odd and the Frost Giants,Neil Gaiman,8158874364830,2001
A Game of You,Neil Gaiman,8740447435481,1993
The Wake,Neil Gaiman,3219135479568,1997
The Sleeper and the Spindle,Neil Gaiman,3751781143329,2014
Fables & Reflections,Neil Gaiman,2945283425740,1993
The Books of Magic,Neil Gaiman,9234404466093,1993
Brief Lives,Neil Gaiman,9085344850958,1994
Quite Nice and Fairly Accurate Good Omens Script Book,Neil Gaiman,9577183074453,2019
Songs of love & death,George R. R. Martin,9956554064067,2010
Worlds' End,Neil Gaiman,1560564449896,1994
The Kindly Ones,Neil Gaiman,7880319139450,1996
The Wolves in the Walls,Neil Gaiman,3724343390222,2003
Rogues,George R. R. Martin,9773744568103,2014
M Is for Magic,Neil Gaiman,2039850462164,2001
The Dream Hunters,Neil Gaiman,6280482875039,1999
1602,Neil Gaiman,4264934081044,2003
The Sandman - Overture,Neil Gaiman,8342878484696,2002
The View From the Cheap Seats,Neil Gaiman,0978524200152,2016
The Sign of Four,Arthur Conan Doyle,6683534582042,1889
The Valley of Fear,Arthur Conan Doyle,9599550249786,1914
The Adventures of Sherlock Holmes [12 stories],Arthur Conan Doyle,8071843487619,1892
A Study in Scarlet,Arthur Conan Doyle,1797335441694,1887
His Last Bow [8 stories],Arthur Conan Doyle,2002204422950,1917
The Hound of the Baskervilles,Arthur Conan Doyle,8267643795239,1900
"The Complete Sherlock Holmes [4 novels, 56 stories]",Arthur Conan Doyle,5797775343582,1900
Memoirs of Sherlock Holmes [11 stories],Arthur Conan Doyle,8985573040882,1893
The Case-Book of Sherlock Holmes,Arthur Conan Doyle,5100579949792,1927
The Adventures of Gerard,Arthur Conan Doyle,7451282249904,1902
Um Estudo em Vermelho,Arthur Conan Doyle,8620341459984,1998
O Signo dos Quatro,Arthur Conan Doyle,7253061243165,2015
Um Estudo em Vermelho,Arthur Conan Doyle,9323038743291,2013
As aventuras de Sherlock Holmes,Arthur Conan Doyle,2089743907847,1995
O Cão Do Baskerville,Arthur Conan Doyle,9419841740375,2021
Sherlock Holmes - o Cão Dos Baskerville (Coleção Dutos),Arthur Conan Doyle,5203120740181,2020
Aristocrat Solteron,Arthur Conan Doyle,6211675024794,2021
O Mundo Perdido,Arthur Conan Doyle,6214829166736,2021
Um Escândalo Na Boêmia,Arthur Conan Doyle,3159907439326,2021
Sherlock Holmes - Um Estudo Em Vermelho (Coleção Duetos),Arthur Conan Doyle,1499795460940,2020
O Vale do Medo,Arthur Conan Doyle,8915016270545,2011
As Aventuras de SherLock Holmes,ricardo abraham,6432014301349,2021
Um Escândalo Na Boêmia,Arthur Conan Doyle,4805517646203,2020
Experiência Do Dr. Kleinplatz,Arthur Conan Doyle,2684864390170,2021
O Mundo Perdido,Arthur Conan Doyle,5700553294578,2021
Os Melhores Casos de Sherlock Holmes,Arthur Conan Doyle,1037097279498,2021
Os Melhores Casos de Sherlock Holmes,Arthur Conan Doyle,3763827540414,2021
Os Melhores Estojos Sherlock Holmes,Arthur Conan Doyle,2036020488984,2021
Susto Nas Alturas,Arthur Conan Doyle,9884654061980,2021
O Mundo Perdido,Arthur Conan Doyle,5581403892917,2021
O Cão Dos Baskerville (the Hound of the Baskervilles Portuguese-Edition),Arthur Conan Doyle,1612271484351,2020
O Mundo Perdido,Arthur Conan Doyle,3084357463992,2020
O Mundo Perdido,Arthur Conan Doyle,4668614452994,2021
O Arquivo Secreto de Sherlock Holmes,Arthur Conan Doyle,6697076824440,2002
Two Sherlock Holmes Stories,Arthur Conan Doyle,4229384039519,1990
"Sherlock Holmes, Detective (Adventure of the Greek Interpreter / Adventure of the Musgrave Ritual / Adventure of the Yellow Face / Boscombe Valley Mystery / Silver Blaze)",Arthur Conan Doyle,3732840356145,
As Memórias de Sherlock Holmes - Coleção Clássicos Zahar,Arthur Conan Doyle,6073223414843,2014
A Volta De Sherlock Holmes,Arthur Conan Doyle,3183822404964,2016
Histórias de Sherlock Holmes - Coleção Clássicos Zahar,Arthur Conan Doyle,0926729409238,2011
Um Escândalo Na Boêmia,martina videla,8466050426786,2021
Nova Catacumba,cristian lopez,5343194532179,2021
O Caso de Lady Sannox,cristian lopez,8469024184864,2021
Sherlock Holmes - Obras Extracanônicas,Arthur Conan Doyle,6727267934678,2016
O Cao Dos Baskervilles,Arthur Conan Doyle,4265397142615,2016
Piratas e Mar Azul,Yasmin Aedi Abraham,2429131409586,2021
Nova Revelação,Federação Espírita Brasileira,2901448909251,2021
The Lost World,Arthur Conan Doyle,6745810418729,1900
The Hunger Games,Suzanne Collins,5169740249909,2008
Mockingjay,Suzanne Collins,0070574839213,2010
The Ballad of Songbirds and Snakes,Suzanne Collins,4582315479586,2020
Catching Fire,Suzanne Collins,9876137446781,2009
Gregor the Overlander,Suzanne Collins,2971411941154,2003
Gregor and the Prophecy of Bane,Suzanne Collins,5212348496805,2004
The Hunger Games Trilogy (Hunger Games / Catching Fire / Mockingjay),Suzanne Collins,5816208114016,2010
Sunrise on the Reaping,Suzanne Collins,2706047444896,2025
Gregor and the Code of Claw,Suzanne Collins,0333836407937,2007
Gregor and the Curse of the Warmbloods,Suzanne Collins,9621114478850,2005
Gregor and the Marks of Secret,Suzanne Collins,1573069749697,2006
The Hunger Games 4-Book Box Set,Suzanne Collins,8133634439946,2010
AQA GCSE 9-1 Food Preparation and Nutrition Workbook,Collins Collins GCSE,4996202564534,2018
AQA GCSE 9-1 Food Preparation and Nutrition All-In-One Revision and Practice,Collins Collins GCSE,9972388314175,2019
AQA GCSE 9-1 Food Preparation and Nutrition All-In-One Complete Revision and Practice,Collins Collins GCSE,1155834137244,2020
AQA GCSE 9-1 Food Preparation and Nutrition Complete Revision and Practice,Collins Collins GCSE,5358488283777,2022
When Charlie McButton lost power,Suzanne Collins,8126362154380,2005
Gregor,Suzanne Collins,6458949099811,2009
FIRE PROOF,Suzanne Collins,0699005264458,1999
Year of the jungle,Suzanne Collins,9322667478194,2013
Gregor the Overlander Box Set,Suzanne Collins,0142353438992,2009
12,Suzanne Collins,5904345949415,2009
Frogs and Toads in Your Pocket,Terry VanDeWalle,0130887494506,2011
Turtles in Your Pocket,Terry VanDeWalle,6141874718442,2011
Salamanders in Your Pocket,Terry VanDeWalle,4123983949001,2013
Snakes and Lizards in Your Pocket,Terry VanDeWalle,4487324517405,2010
Exotic Amphibians and Reptiles of the United States,Walter E. Meshaka,2949847880542,2022
Couples and money,Victoria F. Collins,6618134819447,1990
Skinny Dipping,Suzanne Collins,9240983400636,2012
global programs,Wanda W. Collins,4294849955855,1997
Wonders at the corner,Suzanne Collins,7651489123378,2003
Unique Ways of Marketing,Suzanne Collins,5645976845389,2014
Just Pick up the Peg,Angie Collins-Burke,1014554388449,2020
Not in Otter's Pocket!,Suzanne Senior,6564164672468,2020
Big Cat Phonics for Little Wandle Letters and Sounds Revised - Not in Otter's Pocket!,Suzanne Senior,0678563143291,2021
Collins Big Cat Phonics for Letters and Sounds - Not in Otter's Pocket!,Collins Big Cat,4231396477542,2020
Food Preparation and Nutrition,Collins UK Staff,4446029224147,2017
Indian Country Noir,Liz Martínez (Editor),8880518247499,2016
Pack 3X2 - Julio 2018,Helen Bianchin,6980390242973,2018
